Date,Open,High,Low,Close,Volume,Dividends,Stock Splits,momentum
2021-02-11 00:00:00-05:00,134.28359686342787,134.7677742222218,132.17894137526417,133.52276611328125,64280000,0.0,0.0,
2021-02-12 00:00:00-05:00,132.7520457006172,133.9180035309504,132.09989212909142,133.75990295410156,60145100,0.0,0.0,0.0017760030571800645
2021-02-16 00:00:00-05:00,133.87845063526805,134.39225475863762,131.21055310542485,131.60580444335938,80576300,0.0,0.0,-0.01610421705734455
2021-02-17 00:00:00-05:00,129.68887941661137,130.64734319829313,127.9300523914689,129.28375244140625,97918500,0.0,0.0,-0.017643993832752947
2021-02-18 00:00:00-05:00,127.66326221936008,128.45374984927668,125.89455952852325,128.16720581054688,96856700,0.0,0.0,-0.008636403335874787
2021-02-19 00:00:00-05:00,128.6909268439454,129.15533785560834,127.2680518360674,128.3253173828125,87668800,0.0,0.0,0.0012336351663884138
2021-02-22 00:00:00-05:00,126.48743794571574,128.17710576376632,124.10610651287078,124.50135040283203,103916400,0.0,0.0,-0.02979900660267243
2021-02-23 00:00:00-05:00,122.28800075685619,125.20291044344674,116.98186881920896,124.36302185058594,158273000,0.0,0.0,-0.0011110606575633897
2021-02-24 00:00:00-05:00,123.45395794033156,124.06657879534052,120.77619176092297,123.85907745361328,111039900,0.0,0.0,-0.00405220450157695
2021-02-25 00:00:00-05:00,123.19704711603883,124.95587445757538,119.10628918679203,119.55093383789062,148199500,0.0,0.0,-0.034782623157645465
2021-02-26 00:00:00-05:00,121.13190128129226,123.36502277439376,119.7584346536902,119.8177261352539,164560400,0.0,0.0,0.0022316203545933444
2021-03-01 00:00:00-05:00,122.2781309816402,126.4084148185661,121.32955002169352,126.27008056640625,116307900,0.0,0.0,0.05385141780998848
2021-03-02 00:00:00-05:00,126.88269019831205,127.18900063416238,123.52312841979948,123.63182067871094,102260900,0.0,0.0,-0.020893784781485403
2021-03-03 00:00:00-05:00,123.32549121559371,124.21478800627503,120.39081557567015,120.60820007324219,112966300,0.0,0.0,-0.02445665354493487
2021-03-04 00:00:00-05:00,120.30189858754267,122.12989307477736,117.20912969916505,118.70116424560547,178155000,0.0,0.0,-0.015811825617815578
2021-03-05 00:00:00-05:00,119.54106095770466,120.48964176355658,116.17161605501653,119.97582244873047,153766600,0.0,0.0,0.010738379957989208
2021-03-08 00:00:00-05:00,119.49165724001347,119.56082435751726,114.82779577789981,114.97601318359375,154376600,0.0,0.0,-0.041673473564003305
2021-03-09 00:00:00-05:00,117.61424634546643,120.60820607418542,117.37710303570204,119.64974212646484,129525800,0.0,0.0,0.0406495999770673
2021-03-10 00:00:00-05:00,120.24260816529238,120.71689477084394,118.02924554388626,118.55294799804688,111943300,0.0,0.0,-0.00916670699765243
2021-03-11 00:00:00-05:00,121.0824950022728,121.74452413020447,119.81772068662734,120.50939178466797,103026500,0.0,0.0,0.016502700436039186
2021-03-12 00:00:00-05:00,118.96795769736715,119.72879596064367,117.74270843214974,119.59046173095703,88105100,0.0,0.0,-0.007625381226327388
2021-03-15 00:00:00-04:00,119.96593613960486,122.5251266997001,118.98770590990063,122.51524353027344,92403800,0.0,0.0,0.02445664777092582
2021-03-16 00:00:00-04:00,124.20492048675088,125.70684581995728,123.23658083383535,124.07646942138672,115227900,0.0,0.0,0.012743115437121144
2021-03-17 00:00:00-04:00,122.57454584038948,124.36301519354438,120.8848780356347,123.2761001586914,111932600,0.0,0.0,-0.0064506128069868884
2021-03-18 00:00:00-04:00,121.41846020582284,121.71489501552063,118.8889113073631,119.0964126586914,121229700,0.0,0.0,-0.033905091859813496
2021-03-19 00:00:00-04:00,118.47390214909129,119.98570301114152,118.2565176389782,118.56282806396484,185549500,0.0,0.0,-0.004480274282112284
2021-03-22 00:00:00-04:00,118.89879941384784,122.39669563569845,118.82963229386706,121.92240142822266,111912300,0.0,0.0,0.028335806585562562
2021-03-23 00:00:00-04:00,121.86310120066143,122.76227364029896,120.68725277940885,121.0824966430664,95467100,0.0,0.0,-0.006888847129956743
2021-03-24 00:00:00-04:00,121.3591766348489,121.43822692283295,118.64188517926279,118.6616439819336,88530500,0.0,0.0,-0.019993415466722064
2021-03-25 00:00:00-04:00,118.11820145440502,120.21298905342488,117.58462326771172,119.15570831298828,98844700,0.0,0.0,0.004163639694136689
2021-03-26 00:00:00-04:00,118.91853890304134,120.03510335107713,117.50554721979697,119.768310546875,94071200,0.0,0.0,0.005141190821320807
2021-03-29 00:00:00-04:00,120.20309955792614,121.12203846355504,119.29404382337839,119.9461898803711,80819200,0.0,0.0,0.0014851953132166695
2021-03-30 00:00:00-04:00,118.68140117728822,118.96795279516004,117.44626879265958,118.4738998413086,85671900,0.0,0.0,-0.012274587800837122
2021-03-31 00:00:00-04:00,120.20309057864593,122.05084388430532,119.70903760260434,120.6971435546875,118323800,0.0,0.0,0.018765683550189927
2021-04-01 00:00:00-04:00,122.18917896287947,122.70299071282369,121.03308933286793,121.53702545166016,75089100,0.0,0.0,0.0069585896752568654
2021-04-05 00:00:00-04:00,122.39668821773135,124.65945177518073,121.60620043273018,124.40254211425781,88651200,0.0,0.0,0.023577314418784967
2021-04-06 00:00:00-04:00,124.99540631377286,125.61791036648069,124.15551773955268,124.70885467529297,80171300,0.0,0.0,0.002462269305990805
2021-04-07 00:00:00-04:00,124.33338213446969,126.39852009487036,123.6515865692414,126.3787612915039,83466700,0.0,0.0,0.013390441445067403
2021-04-08 00:00:00-04:00,127.41626099132043,128.83913599127877,126.99138266407479,128.8094940185547,88844600,0.0,0.0,0.019233712233055256
2021-04-09 00:00:00-04:00,128.25613991685626,131.4575931607637,127.93006318325486,131.41807556152344,106686700,0.0,0.0,0.02025146952749446
2021-04-12 00:00:00-04:00,130.94379038467568,131.2698671217647,129.07627094665588,129.67901611328125,91420000,0.0,0.0,-0.01323303085067662
2021-04-13 00:00:00-04:00,130.8647638721814,133.0583604456321,130.36082015185002,132.83108520507812,91266500,0.0,0.0,0.024306701163150368
2021-04-14 00:00:00-04:00,133.33501713028667,133.39430107395154,130.0940308733406,130.45962524414062,87222800,0.0,0.0,-0.017853200230023014
2021-04-15 00:00:00-04:00,132.2283484717298,133.39430628212853,132.05048155649064,132.90025329589844,89347100,0.0,0.0,0.018707918616126973
2021-04-16 00:00:00-04:00,132.702619495088,133.06821383712423,131.6947473001813,132.5642852783203,84922400,0.0,0.0,-0.0025279712359170814
2021-04-19 00:00:00-04:00,131.9220232986196,133.85871764369352,131.75404709214033,133.2362060546875,94264200,0.0,0.0,0.005068641036735322
2021-04-20 00:00:00-04:00,133.41404961651205,133.9179781477381,130.242223357871,131.52676391601562,94812300,0.0,0.0,-0.012830162230604403
2021-04-21 00:00:00-04:00,130.7857148790094,132.1591816591413,129.73832489841544,131.9121551513672,68847100,0.0,0.0,0.002930135463514061
2021-04-22 00:00:00-04:00,131.4576198691411,132.55441816780217,129.84701728947417,130.37071228027344,84566500,0.0,0.0,-0.011685374022772699
2021-04-23 00:00:00-04:00,130.5880994190231,133.51288488894076,130.5880994190231,132.722412109375,78657500,0.0,0.0,0.018038559335672222
2021-04-26 00:00:00-04:00,133.22632225856756,133.45358239725397,131.97142352553448,133.1176300048828,66905100,0.0,0.0,0.002977778125235586
2021-04-27 00:00:00-04:00,133.40420116679735,133.79945265920412,132.51491169416195,132.7915802001953,66015800,0.0,0.0,-0.002449336009629488
2021-04-28 00:00:00-04:00,132.71249346422954,133.41405524731684,131.49712749803743,131.99118041992188,107760100,0.0,0.0,-0.006027488934665648
2021-04-29 00:00:00-04:00,134.84682201886204,135.4396916277672,130.8746318247187,131.8923797607422,151101000,0.0,0.0,-0.0007485398559612388
2021-04-30 00:00:00-04:00,130.21260942438363,131.97143692454657,129.51106259716315,129.89642333984375,109839500,0.0,0.0,-0.015133220164191274
2021-05-03 00:00:00-04:00,130.4695090139606,132.47537805597557,130.2620151981907,130.96356201171875,75135100,0.0,0.0,0.008215304505214016
2021-05-04 00:00:00-04:00,129.62962353549733,129.92605833948502,125.19302233937242,126.329345703125,137564700,0.0,0.0,-0.03538553959137947
2021-05-05 00:00:00-04:00,127.66328536420433,128.8984177982181,126.44791927077883,126.57637786865234,84000900,0.0,0.0,0.0019554614500092438
2021-05-06 00:00:00-04:00,126.36888193469824,128.20675978792943,125.61791922704496,128.19688415527344,78128300,0.0,0.0,0.012802596455261828
2021-05-07 00:00:00-04:00,129.5132984660394,129.91909860337248,128.15728352947872,128.8798370361328,78973300,0.22,0.0,0.00532737504003733
2021-05-10 00:00:00-04:00,128.08799893495154,128.2166606330606,125.51455353201715,125.55414581298828,88071200,0.0,0.0,-0.02580458898479321
2021-05-11 00:00:00-04:00,122.23837239951631,124.98007184243583,121.51582647078962,124.6237564086914,126142800,0.0,0.0,-0.007410264298900016
2021-05-12 00:00:00-04:00,122.1393923481443,123.36672284831488,121.00113881626868,121.51582336425781,112172300,0.0,0.0,-0.024938528046301478
2021-05-13 00:00:00-04:00,123.30732884664474,124.86128988223179,122.99059817542492,123.69334411621094,105861300,0.0,0.0,0.017919647759993884
2021-05-14 00:00:00-04:00,124.96026451701113,126.58351012127414,124.56434929735936,126.14800262451172,81918000,0.0,0.0,0.01984470972014951
2021-05-17 00:00:00-04:00,125.52444879576451,125.63332567649944,123.8913031361957,124.98006439208984,74244600,0.0,0.0,-0.009258475823024526
2021-05-18 00:00:00-04:00,125.26709996756591,125.6927075232993,123.50528510244554,123.57456970214844,63342900,0.0,0.0,-0.011245751046599417
2021-05-19 00:00:00-04:00,121.90184513007249,123.64386016273441,121.60490680215345,123.41621398925781,92612000,0.0,0.0,-0.0012814587440790337
2021-05-20 00:00:00-04:00,123.95069194397722,126.41525275113119,123.82201515128581,126.00943756103516,76857100,0.0,0.0,0.02101201688137233
2021-05-21 00:00:00-04:00,126.51423511162886,126.69239659640077,123.93089735816396,124.14865112304688,79295400,0.0,0.0,-0.014767040263051534
2021-05-24 00:00:00-04:00,124.72272107998391,126.63300507066653,124.65343648141842,125.80158233642578,63092900,0.0,0.0,0.013314129460340496
2021-05-25 00:00:00-04:00,126.5142298159894,127.00912952093384,125.02955335552099,125.60363006591797,72009500,0.0,0.0,-0.0015735276681849708
2021-05-26 00:00:00-04:00,125.66302269779497,126.08863027891516,125.12853823186809,125.55414581298828,56575900,0.0,0.0,-0.0003939715190055537
2021-05-27 00:00:00-04:00,125.14833658492383,126.33607479340013,123.80222925454116,124.00018310546875,94625600,0.0,0.0,-0.01237683309824067
2021-05-28 00:00:00-04:00,124.28721288542458,124.51486659456722,123.2776362331405,123.33702087402344,71311100,0.0,0.0,-0.005348074614383913
2021-06-01 00:00:00-04:00,123.80223705062495,124.06947552135131,122.67388341608108,123.01040649414062,67637100,0.0,0.0,-0.0026481455249062202
2021-06-02 00:00:00-04:00,123.01039436361917,123.96058640682482,122.78274819831168,123.78242492675781,59278900,0.0,0.0,0.006276041634363461
2021-06-03 00:00:00-04:00,123.40631530637961,123.57457683659315,121.87214651537157,122.27796173095703,76229200,0.0,0.0,-0.012154093739001892
2021-06-04 00:00:00-04:00,122.8025432959107,124.87119650226568,122.58478953193067,124.60395050048828,75169300,0.0,0.0,0.019022142147323562
2021-06-07 00:00:00-04:00,124.88108426558153,125.0295534219983,123.55477691822296,124.61384582519531,71057600,0.0,0.0,7.941421333179655e-05
2021-06-08 00:00:00-04:00,125.30668989742985,127.14769683671643,124.92067462754142,125.44525909423828,74403800,0.0,0.0,0.006671917261981131
2021-06-09 00:00:00-04:00,125.91046049666781,126.4449449273887,125.22750690994862,125.8312759399414,56877900,0.0,0.0,0.0030771736492101187
2021-06-10 00:00:00-04:00,125.72240085316918,126.88045424528792,124.65343952795544,124.82170104980469,71186400,0.0,0.0,-0.008023242890889737
2021-06-11 00:00:00-04:00,125.23740368209236,126.13811100117299,124.81179613983154,126.04902648925781,53522400,0.0,0.0,0.009832628694616208
2021-06-14 00:00:00-04:00,126.51425658097376,129.20646412228982,125.77191819369264,129.14707946777344,96906500,0.0,0.0,0.02457815871175839
2021-06-15 00:00:00-04:00,128.61258163793556,129.2658429376085,128.06819722154142,128.31564331054688,62746300,0.0,0.0,-0.006437901349786501
2021-06-16 00:00:00-04:00,129.03817306357175,129.55286512322317,127.1476965477483,128.82041931152344,91815000,0.0,0.0,0.00393386174867949
2021-06-17 00:00:00-04:00,128.47400348532724,131.19591027483455,128.3255267805174,130.44366455078125,96721700,0.0,0.0,0.012600838034320994
2021-06-18 00:00:00-04:00,129.37471964824556,130.16653504967778,128.90951979330322,129.1272735595703,108953300,0.0,0.0,-0.010091643743253442
2021-06-21 00:00:00-04:00,128.9688873632307,131.0573326792656,127.89002618414146,130.94845581054688,79663300,0.0,0.0,0.014103776845690197
2021-06-22 00:00:00-04:00,130.78019064781412,132.71026680939417,130.27539104200287,132.6112823486328,74783600,0.0,0.0,0.012698328726317154
2021-06-23 00:00:00-04:00,132.4034596358875,132.94784406092427,131.86896761752013,132.33416748046875,60214200,0.0,0.0,-0.002089677916208732
2021-06-24 00:00:00-04:00,133.07648810539354,133.26454952754088,131.5720118311236,132.047119140625,68711000,0.0,0.0,-0.002169117358796324
2021-06-25 00:00:00-04:00,132.09661363671935,132.5222136180012,131.4532448076695,131.75018310546875,70783700,0.0,0.0,-0.002248712710195666
2021-06-28 00:00:00-04:00,132.04712233893864,133.86832176074518,131.98773769953985,133.4031219482422,62111300,0.0,0.0,0.012546007935717363
2021-06-29 00:00:00-04:00,133.42291770780122,135.0956554790248,132.97751782326986,134.93728637695312,64556100,0.0,0.0,0.011500213835371476
2021-06-30 00:00:00-04:00,134.77891406723,136.0062519247124,134.48197578363977,135.56085205078125,63261400,0.0,0.0,0.004621151725892725
2021-07-01 00:00:00-04:00,135.20452220684194,135.9270604143451,134.3730920347875,135.86767578125,52485800,0.0,0.0,0.0022633653140053944
2021-07-02 00:00:00-04:00,136.49125916379407,138.5698123908208,136.34279754882544,138.5302276611328,78852600,0.0,0.0,0.019596654351912157
2021-07-06 00:00:00-04:00,138.6390917596848,141.68761406055498,138.6390917596848,140.5691680908203,108181800,0.0,0.0,0.014718379259976988
2021-07-07 00:00:00-04:00,142.07361750956056,143.40983222154065,141.20261768300585,143.09310913085938,104911600,0.0,0.0,0.01795515385285884
2021-07-08 00:00:00-04:00,140.13365738408123,142.58831812078364,139.23295008251992,141.77670288085938,105575500,0.0,0.0,-0.009199648103223046
2021-07-09 00:00:00-04:00,141.29171755646124,144.16208616267863,141.19273307918033,143.6276092529297,99890800,0.0,0.0,0.01305508122604393
2021-07-12 00:00:00-04:00,144.71637206086018,144.82524894016785,142.52894206855535,143.02383422851562,76299700,0.0,0.0,-0.004203753216770467
2021-07-13 00:00:00-04:00,142.55863776519135,145.95360591641256,142.16273006901355,144.15219116210938,100827100,0.0,0.0,0.007889292995675978
2021-07-14 00:00:00-04:00,146.5870660452932,148.042050225883,146.17134333405863,147.62632751464844,127050800,0.0,0.0,0.02410047550808403
2021-07-15 00:00:00-04:00,147.715410999908,148.46764161370334,145.58736574169922,146.96316528320312,106820300,0.0,0.0,-0.004492167776642075
2021-07-16 00:00:00-04:00,146.94340759057795,148.23011530636805,144.38976187119044,144.89454650878906,93251400,0.0,0.0,-0.014075763613472514
2021-07-19 00:00:00-04:00,142.28148880688263,142.59822702266663,140.22273571301477,140.99476623535156,121434600,0.0,0.0,-0.026914610434982444
2021-07-20 00:00:00-04:00,141.99449007965464,145.59730503179853,141.49959783291558,144.65699768066406,96350000,0.0,0.0,0.025974236796842742
2021-07-21 00:00:00-04:00,144.04331913588956,144.6371958030862,143.1525192380056,143.91464233398438,74993500,0.0,0.0,-0.005131831564197609
2021-07-22 00:00:00-04:00,144.44912364016224,146.68603072857414,144.320446847802,145.3003387451172,77338200,0.0,0.0,0.009628599207556654
2021-07-23 00:00:00-04:00,146.04268165708558,147.20072751674385,145.4191126930733,147.0423583984375,71447400,0.0,0.0,0.011989095609585165
2021-07-26 00:00:00-04:00,146.75532588057385,148.2993870088357,146.1911415667573,147.4679718017578,72434100,0.0,0.0,0.0028944952186296113
2021-07-27 00:00:00-04:00,147.59662917207515,147.68572123679712,144.06310709400378,145.27064514160156,104818600,0.0,0.0,-0.014900365369574176
2021-07-28 00:00:00-04:00,143.33067035638305,145.4686081927338,141.08385563661875,143.49893188476562,118931200,0.0,0.0,-0.01219594815669034
2021-07-29 00:00:00-04:00,143.2118990565042,145.05289853926098,143.10302217461873,144.15219116210938,56699500,0.0,0.0,0.004552363343500954
2021-07-30 00:00:00-04:00,142.90507269667282,144.83514920465618,142.63782668697942,144.3699493408203,70440600,0.0,0.0,0.0015106130330413414
2021-08-02 00:00:00-04:00,144.86484728904713,145.4488164680113,143.76618598651393,144.03343200683594,62880000,0.0,0.0,-0.002330937535968358
2021-08-03 00:00:00-04:00,144.3204455805854,146.52766032875047,143.69687664205014,145.8546142578125,64786600,0.0,0.0,0.01264416341124286
2021-08-04 00:00:00-04:00,145.76551441907907,146.28019129740605,144.7856226841553,145.4487762451172,56368300,0.0,0.0,-0.0027824831923243254
2021-08-05 00:00:00-04:00,145.4784936655013,146.32970877627926,144.67677079080897,145.55767822265625,46397700,0.0,0.0,0.0007487307927263043
2021-08-06 00:00:00-04:00,145.07198811409094,145.82534588289414,144.3582743855237,144.8638153076172,54126800,0.22,0.0,-0.004766927609120564
2021-08-09 00:00:00-04:00,144.9232489718839,145.41888252864518,144.24919459494578,144.814208984375,48908700,0.0,0.0,-0.00034243418991031227
2021-08-10 00:00:00-04:00,145.1611826119151,146.4200962901389,144.03113852000487,144.32852172851562,69023100,0.0,0.0,-0.003353864646747362
2021-08-11 00:00:00-04:00,144.7745858746514,145.43873312161486,144.25912266598647,144.58624267578125,48493500,0.0,0.0,0.001785655005532405
2021-08-12 00:00:00-04:00,144.9133641202077,147.74838910762438,144.56641452669234,147.58978271484375,72282600,0.0,0.0,0.020773345952405764
2021-08-13 00:00:00-04:00,147.6690735412031,148.13497032750732,146.97518953783617,147.79794311523438,59375000,0.0,0.0,0.001410398447382999
2021-08-16 00:00:00-04:00,147.24282180252743,149.86968893233376,145.1909065837379,149.80029296875,103296000,0.0,0.0,0.013547887144508053
2021-08-17 00:00:00-04:00,148.91806200012385,150.35539636462678,147.78801803676208,148.87841796875,92229700,0.0,0.0,-0.006154026682660185
2021-08-18 00:00:00-04:00,148.4918405008644,149.40380457683918,144.8737058795701,145.08187866210938,86326000,0.0,0.0,-0.02550093800323383
2021-08-19 00:00:00-04:00,143.7634850780053,146.70754995953354,143.23811465643647,145.4188995361328,86960300,0.0,0.0,0.0023229701540352643
2021-08-20 00:00:00-04:00,146.15243887972568,147.2031796951743,145.49819889539597,146.89588928222656,60549600,0.0,0.0,0.010156793586013624
2021-08-23 00:00:00-04:00,147.01485037607586,148.8784377343305,146.59851992646253,148.4026336669922,60131800,0.0,0.0,0.010257226339879244
2021-08-24 00:00:00-04:00,148.1448866520694,149.54257709681752,147.84750345363864,148.3134002685547,48606400,0.0,0.0,-0.0006012925527840718
2021-08-25 00:00:00-04:00,148.50177262776174,149.00732870203615,146.50933052041538,147.06443786621094,58991300,0.0,0.0,-0.00842110288134601
2021-08-26 00:00:00-04:00,147.0544955359324,147.8177603914439,146.22181959045338,146.25155639648438,48597200,0.0,0.0,-0.005527382972531192
2021-08-27 00:00:00-04:00,146.19210790359497,147.45102170218664,145.5477901614988,147.30233764648438,55802400,0.0,0.0,0.007184752599496136
2021-08-30 00:00:00-04:00,147.69883552077195,152.14963137863907,147.31224185832306,151.78285217285156,90956700,0.0,0.0,0.03041713117357392
2021-08-31 00:00:00-04:00,151.32685822622233,151.46563503272614,149.9688118423592,150.5041046142578,86453100,0.0,0.0,-0.008424848659040252
2021-09-01 00:00:00-04:00,151.49535910796237,153.62657741278113,151.00963276325012,151.1781463623047,80313700,0.0,0.0,0.004478560566666623
2021-09-02 00:00:00-04:00,152.52630757363963,153.36889090046404,151.06914330875597,152.3082275390625,71115500,0.0,0.0,0.007475162276758818
2021-09-03 00:00:00-04:00,152.4172523615852,153.27966518527012,151.7531050954158,152.95254516601562,57808700,0.0,0.0,0.0042303533916963065
2021-09-07 00:00:00-04:00,153.61668962243957,155.88668500930376,153.04175279234505,155.32167053222656,82278300,0.0,0.0,0.015489283709790413
2021-09-08 00:00:00-04:00,155.60912755047798,155.6686011649641,152.63532582186994,153.75546264648438,74420200,0.0,0.0,-0.01008364048864141
2021-09-09 00:00:00-04:00,154.13213058231108,154.74671135912467,152.6055707407899,152.7245330810547,57305700,0.0,0.0,-0.006704994721390856
2021-09-10 00:00:00-04:00,153.64643879307147,154.12224288450545,147.40145148153553,147.66909790039062,140893200,0.0,0.0,-0.033101657465739454
2021-09-13 00:00:00-04:00,149.314588987418,150.0976834506593,147.4510017387163,148.2440185546875,102404300,0.0,0.0,0.00389330376139152
2021-09-14 00:00:00-04:00,149.0370445367314,149.75075820244655,145.62708260621216,146.82650756835938,109296300,0.0,0.0,-0.009562011338792753
2021-09-15 00:00:00-04:00,147.2626645701246,148.13498461594702,145.0917868087046,147.7285614013672,83281300,0.0,0.0,0.006143671520538074
2021-09-16 00:00:00-04:00,147.1437271256349,147.66909760849086,145.93437975457877,147.49066162109375,68034100,0.0,0.0,-0.0016103844647012977
2021-09-17 00:00:00-04:00,147.52039201659565,147.52039201659565,144.4871016780683,144.78448486328125,129868800,0.0,0.0,-0.018348122708709003
2021-09-20 00:00:00-04:00,142.54423237621086,143.5751436523035,140.03632746484712,141.69174194335938,123478900,0.0,0.0,-0.021361010627915844
2021-09-21 00:00:00-04:00,142.6730933603061,143.33725575308227,141.53314203045025,142.17745971679688,75834000,0.0,0.0,0.003427989286995059
2021-09-22 00:00:00-04:00,143.1885413335559,145.15124611765205,142.44509094747767,144.57632446289062,76404300,0.0,0.0,0.016872328081202426
2021-09-23 00:00:00-04:00,145.3693392944304,145.79559208639418,144.36816479555262,145.5477752685547,64838200,0.0,0.0,0.0067192938350941755
2021-09-24 00:00:00-04:00,144.3880020253185,146.1821934614405,144.28886924271572,145.63699340820312,53477900,0.0,0.0,0.0006129818163405076
2021-09-27 00:00:00-04:00,144.1996424148838,144.68536879353687,142.56405756671427,144.1005096435547,74150700,0.0,0.0,-0.010550092587683801
2021-09-28 00:00:00-04:00,141.99902499555387,143.48592578084762,140.45265059893427,140.6707305908203,108972300,0.0,0.0,-0.023801297172496017
2021-09-29 00:00:00-04:00,141.225845822947,143.1885507359227,140.78968581438843,141.58270263671875,74602000,0.0,0.0,0.006483026298848005
2021-09-30 00:00:00-04:00,142.40545358647702,143.11916720058915,140.0462327439654,140.26431274414062,89056700,0.0,0.0,-0.009311800580335872
2021-10-01 00:00:00-04:00,140.66081592415352,141.67191274854903,137.89518696763196,141.40426635742188,94639600,0.0,0.0,0.008127182110539088
2021-10-04 00:00:00-04:00,140.5220421540254,140.96812452406402,137.0625290767423,137.9249267578125,98322000,0.0,0.0,-0.024605619683459867
2021-10-05 00:00:00-04:00,138.27189819789157,140.9978836095334,138.14302859280465,139.87774658203125,80861100,0.0,0.0,0.01415857068133719
2021-10-06 00:00:00-04:00,138.25202882479758,140.9086174920339,137.16162892374618,140.7599334716797,83221100,0.0,0.0,0.006306842304834248
2021-10-07 00:00:00-04:00,141.8106937924137,142.96056746033472,141.473666549397,142.03868103027344,61732700,0.0,0.0,0.009084599054964837
2021-10-08 00:00:00-04:00,142.77222118622976,142.92090522390907,141.3150571148209,141.65208435058594,58773200,0.0,0.0,-0.0027217704141107024
2021-10-11 00:00:00-04:00,141.02760378002625,143.54541608060552,140.57161416428707,141.56288146972656,64452200,0.0,0.0,-0.0006297322151547213
2021-10-12 00:00:00-04:00,141.97921193254552,141.9990415138065,139.8083341134001,140.27423095703125,73035900,0.0,0.0,-0.009103025449301083
2021-10-13 00:00:00-04:00,140.0065785947929,140.16516984438618,137.98438512573023,139.67945861816406,78762700,0.0,0.0,-0.004240068434589239
2021-10-14 00:00:00-04:00,140.86899268745464,142.62353999477415,140.27422627379232,142.50457763671875,69907100,0.0,0.0,0.020225730014300725
2021-10-15 00:00:00-04:00,142.51450140936703,143.6346231529838,142.2567622356282,143.5751495361328,67940300,0.0,0.0,0.007512543927839399
2021-10-18 00:00:00-04:00,142.19728338334633,145.55767874155003,141.9098225373041,145.2702178955078,85589200,0.0,0.0,0.01180614030249294
2021-10-19 00:00:00-04:00,145.7261893382411,147.86733017490178,145.2702148849289,147.46090698242188,76378900,0.0,0.0,0.015080097756098976
2021-10-20 00:00:00-04:00,147.40143573379245,148.44226936210674,146.82649891886132,147.95654296875,58418800,0.0,0.0,0.003361134801559418
2021-10-21 00:00:00-04:00,147.51045916135894,148.33321269413443,146.57866563928704,148.1746063232422,61421000,0.0,0.0,0.0014738338036071053
2021-10-22 00:00:00-04:00,148.382792487927,148.8685037450755,147.3419588824786,147.3915252685547,58883400,0.0,0.0,-0.0052848532830194195
2021-10-25 00:00:00-04:00,147.3815934938946,148.06557025162076,146.3308527286199,147.34194946289062,50720600,0.0,0.0,-0.0003363545195270712
2021-10-26 00:00:00-04:00,148.0259442148759,149.5227523571978,147.70873142613738,148.0160369873047,60893400,0.0,0.0,0.004574987142978104
2021-10-27 00:00:00-04:00,148.05568124744676,148.42244530013537,147.193283555757,147.55014038085938,56094900,0.0,0.0,-0.0031476089748658787
2021-10-28 00:00:00-04:00,148.5116706292052,151.83240693024038,148.41253785133745,151.23765563964844,100077900,0.0,0.0,0.024991607932535853
2021-10-29 00:00:00-04:00,145.93438023285526,148.63062863038684,145.13145610078507,148.49185180664062,124953200,0.0,0.0,-0.018155556705733322
2021-11-01 00:00:00-04:00,147.68893175751825,148.39272312399527,146.50932116029472,147.65919494628906,74588300,0.0,0.0,-0.005607424584049281
2021-11-02 00:00:00-04:00,147.36182135443028,150.24641323679813,147.35189899967784,148.70994567871094,69122000,0.0,0.0,0.007116053509597542
2021-11-03 00:00:00-04:00,149.07669884418542,150.64290310043472,148.5116843097982,150.16709899902344,54511500,0.0,0.0,0.00979862721126068
2021-11-04 00:00:00-04:00,150.25630454069307,151.09887270060366,149.32451082517144,149.6417236328125,60394600,0.0,0.0,-0.003498605018762202
2021-11-05 00:00:00-04:00,150.78335164760108,151.09109061050296,148.96668293526662,150.17779541015625,65463900,0.22,0.0,0.0035823683684581553
2021-11-08 00:00:00-05:00,150.30682106123973,150.46565892682412,149.06592863813512,149.34388732910156,55020900,0.0,0.0,-0.005552805451546128
2021-11-09 00:00:00-05:00,149.1056407495333,150.32667473621908,148.9666613945253,149.71119689941406,56787900,0.0,0.0,0.0024594884791171445
2021-11-10 00:00:00-05:00,148.92694464468047,149.0361437804101,146.77275728311602,146.8422393798828,65187100,0.0,0.0,-0.019163279560571622
2021-11-11 00:00:00-05:00,147.87468759558044,148.34124925078933,146.603999709781,146.79261779785156,41000000,0.0,0.0,-0.00033792444354430184
2021-11-12 00:00:00-05:00,147.34855473253305,149.3042028293836,146.4054793149551,148.89720153808594,63804000,0.0,0.0,0.014337122478002229
2021-11-15 00:00:00-05:00,149.27441913245866,150.7734271657591,148.34126542506738,148.90711975097656,59222800,0.0,0.0,6.661114371642185e-05
2021-11-16 00:00:00-05:00,148.847551548835,150.386261402048,148.25191704190908,149.8998260498047,59256200,0.0,0.0,0.006666614064446907
2021-11-17 00:00:00-05:00,149.8998103313401,153.87066623415706,149.88988864472378,152.37167358398438,88807000,0.0,0.0,0.016489996014794617
2021-11-18 00:00:00-05:00,152.59006342316175,157.51391598741014,151.93486860004094,156.71974182128906,137827700,0.0,0.0,0.02853593542049082
2021-11-19 00:00:00-05:00,156.50136909474185,159.84682585416377,155.38953416923997,159.3802490234375,117305600,0.0,0.0,0.016976209705489964
2021-11-22 00:00:00-05:00,160.5019967628405,164.4927113964006,159.82695849471133,159.84681701660156,117467900,0.0,0.0,0.0029273890336025676
2021-11-23 00:00:00-05:00,159.94606748326052,160.62112084900093,157.90107916084565,160.2339630126953,96041900,0.0,0.0,0.0024219812650603245
2021-11-24 00:00:00-05:00,159.57878442744206,160.95865635873278,158.47687121989233,160.76011657714844,69463600,0.0,0.0,0.003283658186819194
2021-11-26 00:00:00-05:00,158.40738081294487,159.28095883566746,155.22076219668756,155.66748046875,76959800,0.0,0.0,-0.03167847981719085
2021-11-29 00:00:00-05:00,158.20882303898063,160.0155697636401,157.63304710961486,159.07249450683594,88748200,0.0,0.0,0.021873637498549314
2021-11-30 00:00:00-05:00,158.824317927473,164.31402512233345,158.75482067678726,164.0956268310547,174048100,0.0,0.0,0.03157762968256517
2021-12-01 00:00:00-05:00,166.25973495812315,169.05919568337487,163.33123171442875,163.56948852539062,152052500,0.0,0.0,-0.003206290842873938
2021-12-02 00:00:00-05:00,157.58342029682333,163.00363006442154,156.65026674587088,162.56683349609375,136739200,0.0,0.0,-0.006129841441310346
2021-12-03 00:00:00-05:00,162.82495199996603,163.7581055691342,158.5562788365443,160.66082763671875,118023100,0.0,0.0,-0.01172444476148815
2021-12-06 00:00:00-05:00,163.09296920489913,166.65682381996857,163.0830475184774,164.115478515625,107497000,0.0,0.0,0.02150275788892242
2021-12-07 00:00:00-05:00,167.84807953110933,170.32986445116782,167.11346574163133,169.93276977539062,120405400,0.0,0.0,0.0354463290871847
2021-12-08 00:00:00-05:00,170.8758788281866,174.6779755587397,169.45628982209004,173.80438232421875,116998900,0.0,0.0,0.022783201579927415
2021-12-09 00:00:00-05:00,173.6356029187815,175.46219297543243,172.65281064218578,173.28814697265625,108923700,0.0,0.0,-0.002970209062965412
2021-12-10 00:00:00-05:00,173.93343449223727,178.32122875349512,173.41721894749685,178.1425323486328,115402700,0.0,0.0,0.028013372298005823
2021-12-13 00:00:00-05:00,179.80035524072528,180.8030060774729,174.2510876035614,174.45956420898438,153237000,0.0,0.0,-0.02067427745127537
2021-12-14 00:00:00-05:00,173.97312475453813,176.44498801446233,170.95528092445915,173.05982971191406,139380400,0.0,0.0,-0.008023260309154345
2021-12-15 00:00:00-05:00,173.83414777534816,178.19216159508383,171.0545455677406,177.99362182617188,131063300,0.0,0.0,0.028509170051021604
2021-12-16 00:00:00-05:00,177.9737700610083,179.82021876244747,169.50592059813462,171.00491333007812,150185800,0.0,0.0,-0.03926381419958358
2021-12-17 00:00:00-05:00,168.69186069951797,172.2060762828402,168.45361906513105,169.89305114746094,195432700,0.0,0.0,-0.006501931207503087
2021-12-20 00:00:00-05:00,167.05392321030746,169.33716861070553,166.2399055461464,168.51321411132812,107499100,0.0,0.0,-0.008121797959441901
2021-12-21 00:00:00-05:00,170.31001011312745,171.93806045476464,167.88778554804475,171.72959899902344,91185900,0.0,0.0,0.019086840783716807
2021-12-22 00:00:00-05:00,171.779212973609,174.57867354647837,170.89569817568596,174.3602752685547,92135300,0.0,0.0,0.015318712003433932
2021-12-23 00:00:00-05:00,174.56874576165595,175.56145966386018,173.99296988066408,174.99560546875,68356600,0.0,0.0,0.00364377837335228
2021-12-27 00:00:00-05:00,175.79971454278868,179.1054539037484,175.77987116953116,179.01611328125,74919600,0.0,0.0,0.022974907293988878
2021-12-28 00:00:00-05:00,178.84735984437765,180.0088334194508,177.22923115932716,177.9836883544922,79144300,0.0,0.0,-0.005767217865666585
2021-12-29 00:00:00-05:00,178.02338983872227,179.31392096966286,176.8420578453446,178.07302856445312,62348900,0.0,0.0,0.0005019572905073932
2021-12-30 00:00:00-05:00,178.16237757130338,179.2543689983513,176.79242744420927,176.90162658691406,59773000,0.0,0.0,-0.006578211124853572
2021-12-31 00:00:00-05:00,176.79241492163843,177.9241081624129,175.96846056643068,176.27621459960938,64062300,0.0,0.0,-0.0035353659509592683
2022-01-03 00:00:00-05:00,176.5343311884229,181.54753988246833,176.4152103565022,180.68386840820312,104487900,0.0,0.0,0.025004245857021656
2022-01-04 00:00:00-05:00,181.2993611666295,181.6071000804642,177.81492536099736,178.3907012939453,99310400,0.0,0.0,-0.012691598505501722
2022-01-05 00:00:00-05:00,178.30135394065044,178.8572713314495,173.36756437588954,173.64552307128906,94537600,0.0,0.0,-0.0265999191002525
2022-01-06 00:00:00-05:00,171.44170769541878,174.0227701984993,170.38943326108424,170.74681091308594,96904000,0.0,0.0,-0.016693273209313242
2022-01-07 00:00:00-05:00,171.63034375776877,172.87123640890297,169.78389488697647,170.91558837890625,86709100,0.0,0.0,0.0009884662847743364
2022-01-10 00:00:00-05:00,167.8480836818823,171.24316371876682,166.94471031321402,170.9354248046875,106765600,0.0,0.0,0.0001160597811433739
2022-01-11 00:00:00-05:00,171.0644969263322,173.90364464329588,169.57542581164316,173.80438232421875,76138300,0.0,0.0,0.01678386749153571
2022-01-12 00:00:00-05:00,174.83679629578603,175.88907078115932,173.54628012926528,174.2510986328125,74805200,0.0,0.0,0.0025702246549828
2022-01-13 00:00:00-05:00,174.49926440259577,175.3331405209295,170.5383301190904,170.9354248046875,84505800,0.0,0.0,-0.01902813729233288
2022-01-14 00:00:00-05:00,170.09159974610463,172.513824139204,169.84342126562498,171.8090057373047,80440800,0.0,0.0,0.005110590350802635
2022-01-18 00:00:00-05:00,170.26038351746837,171.28287779070223,168.1756930734251,168.56285095214844,90956700,0.0,0.0,-0.0188939734050938
2022-01-19 00:00:00-05:00,168.76138064001734,169.83351358179695,164.7309642083504,165.0188446044922,94815000,0.0,0.0,-0.021024836300747696
2022-01-20 00:00:00-05:00,165.76339107169383,168.44371602962553,162.98378864777357,163.31138610839844,91420500,0.0,0.0,-0.010347051575752442
2022-01-21 00:00:00-05:00,163.22203425958355,165.11812163730272,161.11748542427597,161.2266845703125,122848900,0.0,0.0,-0.01276519407349963
2022-01-24 00:00:00-05:00,158.85411041728042,161.1174972949673,153.57286427093453,160.44244384765625,162294600,0.0,0.0,-0.004864211682739428
2022-01-25 00:00:00-05:00,157.82165529953733,161.5741127181503,155.8759444923518,158.61582946777344,115798400,0.0,0.0,-0.011384857622944389
2022-01-26 00:00:00-05:00,162.30872689204585,163.1922416802326,156.67011906353088,158.5264892578125,108275300,0.0,0.0,-0.000563249016574896
2022-01-27 00:00:00-05:00,161.26638318190655,162.64625500957473,157.12676769890203,158.05992126464844,121954600,0.0,0.0,-0.0029431547708426153
2022-01-28 00:00:00-05:00,164.50264025953007,169.10883251995136,161.61383894285115,169.08897399902344,179935700,0.0,0.0,0.06977766815351272
2022-01-31 00:00:00-05:00,168.92021233808782,173.7249443051576,168.27493917067227,173.5065460205078,115541600,0.0,0.0,0.026125724918703908
2022-02-01 00:00:00-05:00,172.74214938306358,173.56610378116932,171.0545386937105,173.33778381347656,86213900,0.0,0.0,-0.0009726561383528454
2022-02-02 00:00:00-05:00,173.47676802891397,174.59853967370483,172.06711599483322,174.55882263183594,84914300,0.0,0.0,0.007044273853606509
2022-02-03 00:00:00-05:00,173.20871806052364,174.95590422938366,170.86591263668944,171.64022827148438,89418100,0.0,0.0,-0.016719832984364302
2022-02-04 00:00:00-05:00,170.64627338228976,173.05171542909753,169.6522945806681,171.3520050048828,82465400,0.22,0.0,-0.0016792291032476925
2022-02-07 00:00:00-05:00,171.81917533074096,172.90260857862143,169.920672189797,170.62640380859375,77251200,0.0,0.0,-0.004234564960406417
2022-02-08 00:00:00-05:00,170.69595793629017,174.29417114446494,170.39776129285195,173.7772979736328,74829200,0.0,0.0,0.018466627055995888
2022-02-09 00:00:00-05:00,174.98995603651943,175.58633416614745,173.84687141263714,175.21856689453125,71285000,0.0,0.0,0.008293769886542401
2022-02-10 00:00:00-05:00,173.09145949245777,174.4233873818168,170.51705816147754,171.0836181640625,90865900,0.0,0.0,-0.02359880464584374
2022-02-11 00:00:00-05:00,171.29235670160688,172.03784075058954,167.0281794479554,167.62457275390625,98670700,0.0,0.0,-0.020218449009180794
2022-02-14 00:00:00-05:00,166.36222623212313,168.55892604471177,165.55710583407395,167.86314392089844,86185500,0.0,0.0,0.0014232469802768488
2022-02-15 00:00:00-05:00,169.9405394082343,171.90861298583008,169.2248735314883,171.74957275390625,62527400,0.0,0.0,0.023152365327073765
2022-02-16 00:00:00-05:00,170.815250030081,172.29626862413235,169.02608529094383,171.5110321044922,61177400,0.0,0.0,-0.001388886421020974
2022-02-17 00:00:00-05:00,170.00019226552067,170.87489845940758,167.45560897448178,167.86314392089844,69589300,0.0,0.0,-0.02126911685407673
2022-02-18 00:00:00-05:00,168.79747901829634,169.51312976648896,165.18933129355253,166.2926483154297,82772700,0.0,0.0,-0.00935580955286297
2022-02-22 00:00:00-05:00,163.98662669784932,165.68633720760627,161.17366472766102,163.3306121826172,91162800,0.0,0.0,-0.017812189310942972
2022-02-23 00:00:00-05:00,164.54323572614354,165.1495633707791,158.78810543272732,159.10618591308594,90009200,0.0,0.0,-0.02586426520466345
2022-02-24 00:00:00-05:00,151.6612882538564,161.86945485263948,151.08477872553206,161.76011657714844,141147500,0.0,0.0,0.016680248155230393
2022-02-25 00:00:00-05:00,162.85347834975738,164.12576996444983,159.9013601838302,163.85740661621094,91974200,0.0,0.0,0.012965433528617787
2022-02-28 00:00:00-05:00,162.07816918366566,164.4239595916452,161.45195773075352,164.12576293945312,95056600,0.0,0.0,0.0016377430156131467
2022-03-01 00:00:00-05:00,163.70829907568702,165.59686782372285,160.99474130203532,162.2173309326172,83474400,0.0,0.0,-0.01162786373483593
2022-03-02 00:00:00-05:00,163.4001663183953,166.35228442308875,161.96883448982732,165.55709838867188,79724800,0.0,0.0,0.02058822837765706
2022-03-03 00:00:00-05:00,167.45561348203296,167.89296659074904,164.55319713963277,165.22909545898438,76678400,0.0,0.0,-0.0019812072866695063
2022-03-04 00:00:00-05:00,163.49955914260698,164.55317412062777,161.12395069523018,162.1875,83737200,0.0,0.0,-0.018408352660499783
2022-03-07 00:00:00-05:00,162.37637167206657,164.02638006217785,158.08237612675225,158.3408203125,96418800,0.0,0.0,-0.023717485549133
2022-03-08 00:00:00-05:00,157.8636998139717,161.89925079167,154.8618799807095,156.49200439453125,131148300,0.0,0.0,-0.011676179991488844
2022-03-09 00:00:00-05:00,160.5076915112648,162.42607847170905,158.4501632931606,161.96884155273438,91454900,0.0,0.0,0.03499755261869808
2022-03-10 00:00:00-05:00,159.23541373936797,159.4242721535076,155.04082164723204,157.56553649902344,105342000,0.0,0.0,-0.027186124266236122
2022-03-11 00:00:00-05:00,157.9730478888915,158.32094654553381,153.5697289599951,153.79833984375,96970100,0.0,0.0,-0.023908760373476667
2022-03-14 00:00:00-04:00,150.53806256604054,153.19198372488523,149.19620049709326,149.7130584716797,108732100,0.0,0.0,-0.02656258433101888
2022-03-15 00:00:00-04:00,149.99138511885175,154.6332791604779,149.47452709657287,154.15615844726562,92964300,0.0,0.0,0.02967743776623477
2022-03-16 00:00:00-04:00,156.10437460149353,159.03660904742281,153.5299731325975,158.6290740966797,102300200,0.0,0.0,0.029015484651845336
2022-03-17 00:00:00-04:00,157.6549707141929,160.03057932860565,156.68087578240636,159.65286254882812,75615400,0.0,0.0,0.006453977355528551
2022-03-18 00:00:00-04:00,159.54353748975586,163.48963468162043,158.79805336283303,162.99264526367188,123511700,0.0,0.0,0.02091902808082957
2022-03-21 00:00:00-04:00,162.52545058098246,165.34836159506293,162.0284612346395,164.3842010498047,95811400,0.0,0.0,0.008537537285082442
2022-03-22 00:00:00-04:00,164.51341496156118,168.3998754552763,163.91703682073802,167.80349731445312,81532000,0.0,0.0,0.020800638034627505
2022-03-23 00:00:00-04:00,166.97850078182339,171.60049604398313,166.64053646962913,169.1851348876953,98062700,0.0,0.0,0.008233663751674225
2022-03-24 00:00:00-04:00,170.0299954835055,173.0914517263307,169.1851226812574,173.02188110351562,90131400,0.0,0.0,0.02267779742213838
2022-03-25 00:00:00-04:00,172.83303023844041,174.22459442437307,171.70982939535128,173.66796875,80546200,0.0,0.0,0.003734138378127083
2022-03-28 00:00:00-04:00,171.13332375038067,174.6718857601657,170.96434917877997,174.5426788330078,90371900,0.0,0.0,0.0050366805652399815
2022-03-29 00:00:00-04:00,175.62612531315807,177.9321483567867,175.27822664913043,177.88246154785156,100589400,0.0,0.0,0.019134476090166164
2022-03-30 00:00:00-04:00,177.4749177289686,178.52853282999885,175.63605088266362,176.69961547851562,92633200,0.0,0.0,-0.006649593552075617
2022-03-31 00:00:00-04:00,176.76917127463543,176.9580296574467,173.3498820637047,173.55862426757812,103049300,0.0,0.0,-0.01777588028378818
2022-04-01 00:00:00-04:00,172.98212416940794,173.8270121908666,170.9047121796906,173.26043701171875,78751300,0.0,0.0,-0.0017180780103421833
2022-04-04 00:00:00-04:00,173.5188771702962,177.41527203909934,173.38965507975473,177.36557006835938,76468400,0.0,0.0,0.023693424346857395
2022-04-05 00:00:00-04:00,176.43123102675108,177.22641707321185,173.36977460637007,174.00592041015625,73401800,0.0,0.0,-0.01894194942630789
2022-04-06 00:00:00-04:00,171.32217188536083,172.5845290998608,169.10560359814696,170.7953643798828,89058800,0.0,0.0,-0.01845084364201921
2022-04-07 00:00:00-04:00,170.12940544393604,172.31615564710734,168.82729571614863,171.10350036621094,77594700,0.0,0.0,0.001804123826468551
2022-04-08 00:00:00-04:00,170.7456681863017,170.7456681863017,168.18120119540774,169.0658416748047,76575500,0.0,0.0,-0.011908924639443819
2022-04-11 00:00:00-04:00,167.69415198885,168.01221728385295,164.50347371051035,164.75196838378906,72246700,0.0,0.0,-0.025515936562237607
2022-04-12 00:00:00-04:00,167.00831513722943,168.8471667390665,165.63661959801297,166.65048217773438,79265200,0.0,0.0,0.011523466533175153
2022-04-13 00:00:00-04:00,166.38210700020622,170.01012347221368,165.76584501141576,169.3739776611328,70618900,0.0,0.0,0.016342559876267204
2022-04-14 00:00:00-04:00,169.5926472579075,170.2387425371213,164.04624408527485,164.29473876953125,75329400,0.0,0.0,-0.02998830730517299
2022-04-18 00:00:00-04:00,162.93299565418673,165.59686660363903,162.5851121901809,164.07608032226562,69023900,0.0,0.0,-0.0013308913535713396
2022-04-19 00:00:00-04:00,164.02636980905078,166.8095132107186,162.92305284208967,166.39202880859375,67723800,0.0,0.0,0.014115089059778319
2022-04-20 00:00:00-04:00,167.7438545674581,167.86314233535137,165.09988252194103,166.2230682373047,67929800,0.0,0.0,-0.001015436691882754
2022-04-21 00:00:00-04:00,167.892966214399,170.49718587075395,164.91102975283357,165.41795349121094,87227800,0.0,0.0,-0.004843580103721545
2022-04-22 00:00:00-04:00,165.45770514734525,166.85920362198345,160.5275640005738,160.81581115722656,84882400,0.0,0.0,-0.02782129893916807
2022-04-25 00:00:00-04:00,160.14984919132885,162.1875086347889,157.505877278764,161.89926147460938,96046400,0.0,0.0,0.006737212650835378
2022-04-26 00:00:00-04:00,161.27306222870766,161.36251668171838,155.77636061232414,155.8558807373047,95623200,0.0,0.0,-0.03732803153183295
2022-04-27 00:00:00-04:00,154.9712438880591,158.8278714564273,154.4444363185795,155.6272735595703,88063200,0.0,0.0,-0.001466785703901019
2022-04-28 00:00:00-04:00,158.29111233812597,163.52938447824855,157.97303186524098,162.65467834472656,130216800,0.0,0.0,0.04515535499930445
2022-04-29 00:00:00-04:00,160.86550237392746,165.1992499295719,156.3031439736734,156.7007293701172,131747600,0.0,0.0,-0.0366048430650775
2022-05-02 00:00:00-04:00,155.76642239022547,157.2772592263467,152.34713293610744,157.00889587402344,123055300,0.0,0.0,0.001966592658151356
2022-05-03 00:00:00-04:00,157.1977511648224,159.7423497950892,155.37878319185953,158.51974487304688,88966500,0.0,0.0,0.009622696794426622
2022-05-04 00:00:00-04:00,158.70859881247208,165.47759225416536,158.30106384993948,165.02037048339844,108256500,0.0,0.0,0.04100830225003005
2022-05-05 00:00:00-04:00,162.86343698354142,163.09204786717407,154.01701631696497,155.82606506347656,130525300,0.0,0.0,-0.055716184571569904
2022-05-06 00:00:00-04:00,155.2984710124174,158.71283551824965,153.47681537291112,156.56268310546875,116124600,0.23,0.0,0.004727181179170037
2022-05-09 00:00:00-04:00,154.22339130095347,155.11929571384945,150.79909313781306,151.36648559570312,131577900,0.0,0.0,-0.033189246675500605
2022-05-10 00:00:00-04:00,154.8107011158029,156.02513809593762,152.23250216927008,153.8052978515625,115366700,0.0,0.0,0.016111969874053944
2022-05-11 00:00:00-04:00,152.79992279990134,154.7410262732007,145.1449926410875,145.83184814453125,142689800,0.0,0.0,-0.05184119024772749
2022-05-12 00:00:00-04:00,142.11885420628667,145.53320326022177,138.16695949591633,141.90980529785156,182602000,0.0,0.0,-0.02689428198696775
2022-05-13 00:00:00-04:00,143.93054544384205,147.42454663946438,142.45729973034568,146.43905639648438,113990900,0.0,0.0,0.03191640696797848
2022-05-16 00:00:00-04:00,144.8861695568001,146.8471858735665,143.52240760924636,144.87620544433594,86643800,0.0,0.0,-0.010672364262693801
2022-05-17 00:00:00-04:00,148.18108492014485,149.08693826812137,146.01101949253066,148.55935668945312,78336300,0.0,0.0,0.02542274788203458
2022-05-18 00:00:00-04:00,146.1802465462499,146.68791504913003,139.2619322411955,140.17774963378906,109742900,0.0,0.0,-0.05641924711066759
2022-05-19 00:00:00-04:00,139.24204712299883,141.01392777251252,135.97700759878052,136.7235870361328,136095600,0.0,0.0,-0.024641304391603946
2022-05-20 00:00:00-04:00,138.45563746773132,140.05829521953785,132.00519557495096,136.9624786376953,137426100,0.0,0.0,0.0017472596114624928
2022-05-23 00:00:00-04:00,137.1615620217672,142.60661571397983,137.0222011399766,142.45730590820312,117726300,0.0,0.0,0.04011921604487889
2022-05-24 00:00:00-04:00,140.16779324110706,141.32250637432628,136.70366903064638,139.7198486328125,104132700,0.0,0.0,-0.0192159837499285
2022-05-25 00:00:00-04:00,137.79864041261953,141.143316713921,137.70905453051603,139.87911987304688,92482700,0.0,0.0,0.0011399328140766496
2022-05-26 00:00:00-04:00,136.7633962007578,143.68169586193474,136.51453639144066,143.12425231933594,90601500,0.0,0.0,0.02319954864767748
2022-05-27 00:00:00-04:00,144.7269029809294,148.99733041553594,144.5974910259061,148.95751953125,90978500,0.0,0.0,0.040756665047227525
2022-05-31 00:00:00-04:00,148.39014055917926,149.97288536682532,146.17030003156708,148.1611785888672,103718400,0.0,0.0,-0.005346094274990554
2022-06-01 00:00:00-04:00,149.21634405825964,151.04796390256027,147.00646761098673,148.0317840576172,74286600,0.0,0.0,-0.0008733362712310955
2022-06-02 00:00:00-04:00,147.15578107392005,150.58009440606662,146.1902038195928,150.52037048339844,72348100,0.0,0.0,0.016811162829819315
2022-06-03 00:00:00-04:00,146.23000604486705,147.29513323335976,143.80114726142193,144.71694946289062,88570300,0.0,0.0,-0.03855571841784633
2022-06-06 00:00:00-04:00,146.35943583327517,147.89242082738866,144.23914531053285,145.47349548339844,71598400,0.0,0.0,0.005227763736837199
2022-06-07 00:00:00-04:00,143.69166812927557,148.32045476955903,143.44280830583673,148.0317840576172,67808200,0.0,0.0,0.017585942825651735
2022-06-08 00:00:00-04:00,147.90235419449328,149.18646404482885,146.78746718091847,147.28518676757812,53950200,0.0,0.0,-0.005043493157850909
2022-06-09 00:00:00-04:00,146.4092089443991,147.27523624455662,141.87995725002085,141.9894561767578,69473000,0.0,0.0,-0.03595562260566765
2022-06-10 00:00:00-04:00,139.64022054191815,140.11802714183258,136.43490485531302,136.5045928955078,91437900,0.0,0.0,-0.03862866602166626
2022-06-13 00:00:00-04:00,132.2639937045203,134.5833687240071,130.84052302477633,131.2785186767578,122207100,0.0,0.0,-0.038284969816000824
2022-06-14 00:00:00-04:00,132.5228180510515,133.27934633209432,130.88033435055627,132.1544952392578,84784300,0.0,0.0,0.006672657273478766
2022-06-15 00:00:00-04:00,133.6775168702502,136.71360931786054,131.55724180781743,134.81231689453125,91533000,0.0,0.0,0.020111473699487847
2022-06-16 00:00:00-04:00,131.47760344980713,131.7861871529731,128.4514599578914,129.46681213378906,108123900,0.0,0.0,-0.0396514568095746
2022-06-17 00:00:00-04:00,129.476781537977,132.473048004086,129.21795762988225,130.95997619628906,134520300,0.0,0.0,0.011533180109177144
2022-06-21 00:00:00-04:00,132.8114824272878,136.43488013084254,132.7119476311587,135.25030517578125,81000500,0.0,0.0,0.03276061209007586
2022-06-22 00:00:00-04:00,134.17523784405142,137.13169336771202,133.29926171091967,134.73269653320312,73409200,0.0,0.0,-0.003827042326487895
2022-06-23 00:00:00-04:00,136.19599006792677,137.95790640487849,135.01141506416644,137.63937377929688,72433800,0.0,0.0,0.021573658962414033
2022-06-24 00:00:00-04:00,139.26194843016594,141.26279109304497,139.13255165313248,141.01393127441406,89116800,0.0,0.0,0.024517384832978495
2022-06-27 00:00:00-04:00,142.0491814366715,142.83558696949592,140.32707574472116,141.01393127441406,70207900,0.0,0.0,0.0
2022-06-28 00:00:00-04:00,141.48178384613567,142.76589378071344,136.69372353862704,136.81317138671875,67083400,0.0,0.0,-0.02978967999637283
2022-06-29 00:00:00-04:00,136.83308470100044,140.0284361574898,136.04667919494787,138.59500122070312,66242400,0.0,0.0,0.01302381792574514
2022-06-30 00:00:00-04:00,136.62403237492694,137.73891943613194,133.15990815675642,136.09645080566406,98964500,0.0,0.0,-0.018027709463058428
2022-07-01 00:00:00-04:00,135.41953761567962,138.4058551171261,135.04128106081654,138.29635620117188,71051600,0.0,0.0,0.016164311284275312
2022-07-05 00:00:00-04:00,137.14167472284186,140.9641579367236,136.30549417858177,140.9143829345703,73353800,0.0,0.0,0.01893055468207816
2022-07-06 00:00:00-04:00,140.7053264307131,143.46268187145327,140.436553613919,142.26815795898438,74064300,0.0,0.0,0.009607074850852104
2022-07-07 00:00:00-04:00,142.63648401749376,145.88162570650832,142.62653509306523,145.6825408935547,66253700,0.0,0.0,0.023999628473116763
2022-07-08 00:00:00-04:00,144.59748899170543,146.87705320681815,144.33868027449634,146.36936950683594,64547800,0.0,0.0,0.004714556796363789
2022-07-11 00:00:00-04:00,145.00562870224846,145.97120595643963,143.12424919248153,144.2092742919922,63141600,0.0,0.0,-0.01475783643887918
2022-07-12 00:00:00-04:00,145.09519793899548,147.77293155179356,144.38844468301394,145.1947479248047,77588800,0.0,0.0,0.006833635614982292
2022-07-13 00:00:00-04:00,142.33784867312522,145.7820596055233,141.4718062891649,144.82644653320312,71185600,0.0,0.0,-0.002536602713703595
2022-07-14 00:00:00-04:00,143.42288437822964,148.2706685102283,142.5966680044357,147.79286193847656,78140700,0.0,0.0,0.020482553264837167
2022-07-15 00:00:00-04:00,149.0968715103857,150.1719475922931,147.52407586403203,149.48509216308594,76259900,0.0,0.0,0.011450013230773104
2022-07-18 00:00:00-04:00,150.0525217913938,150.8787382124014,146.03093861418077,146.39926147460938,81420900,0.0,0.0,-0.020643066434410495
2022-07-19 00:00:00-04:00,147.24535544718992,150.54025656318242,146.23996738607792,150.31130981445312,82982400,0.0,0.0,0.026721776465533864
2022-07-20 00:00:00-04:00,150.43076903149228,153.01891706137496,149.68418962162576,152.34201049804688,64823400,0.0,0.0,0.013509965990586403
2022-07-21 00:00:00-04:00,153.7953501309987,154.86047732239646,151.2470283131448,154.6414794921875,65086600,0.0,0.0,0.01509412266926935
2022-07-22 00:00:00-04:00,154.6812962845666,155.56723656273138,152.71033092658584,153.38722229003906,66675400,0.0,0.0,-0.008110742384689895
2022-07-25 00:00:00-04:00,153.30758929375963,154.3328904784987,151.58548369063433,152.25242614746094,53623900,0.0,0.0,-0.00739824429724889
2022-07-26 00:00:00-04:00,151.56556290464823,152.39177924035187,150.1122302190559,150.90858459472656,55138700,0.0,0.0,-0.008826404851065117
2022-07-27 00:00:00-04:00,151.88411487185436,156.61245106915064,151.46603223079703,156.0749053955078,78620700,0.0,0.0,0.034234770769705936
2022-07-28 00:00:00-04:00,156.26404714882594,156.92104069055887,153.70577620848624,156.6323699951172,81378700,0.0,0.0,0.0035717759892066603
2022-07-29 00:00:00-04:00,160.5046172769359,162.88371628623167,158.7725476526149,161.76881408691406,101786900,0.0,0.0,0.03279299222732179
2022-08-01 00:00:00-04:00,160.27565687493305,162.84389178157582,160.15620903389734,160.77337646484375,67829400,0.0,0.0,-0.006153458116689214
2022-08-02 00:00:00-04:00,159.36981346933962,161.66927546804612,158.9019558552344,159.28021240234375,59907000,0.0,0.0,-0.009287383864992727
2022-08-03 00:00:00-04:00,160.1064327289438,165.83020796615168,160.01684684889895,165.372314453125,82507500,0.0,0.0,0.038247701700651504
2022-08-04 00:00:00-04:00,165.25285677560205,166.4274829346168,163.68006101069574,165.05377197265625,55474100,0.0,0.0,-0.001926214079558286
2022-08-05 00:00:00-04:00,162.69131039105352,165.32291962127968,162.48197109772286,164.8245086669922,56697000,0.23,0.0,-0.0013890219103992463
2022-08-08 00:00:00-04:00,165.84125642570908,167.2766824108495,163.6781547045971,164.3460235595703,60276900,0.0,0.0,-0.002902997322980605
2022-08-09 00:00:00-04:00,163.49872517782944,165.2930075617619,162.73116808936774,164.39585876464844,63135500,0.0,0.0,0.0003032334095998124
2022-08-10 00:00:00-04:00,167.14709345439704,168.80182150404417,166.3695735679933,168.7021484375,70170500,0.0,0.0,0.026194635955012258
2022-08-11 00:00:00-04:00,169.51953129530312,170.4465835793945,167.65547919403863,167.95452880859375,57149200,0.0,0.0,-0.004431595186135007
2022-08-12 00:00:00-04:00,169.28030209789867,171.6228244331093,168.86162351548464,171.5530548095703,68039400,0.0,0.0,0.021425596716582396
2022-08-15 00:00:00-04:00,170.97489665354067,172.83894874040908,170.80543875567037,172.63958740234375,54091700,0.0,0.0,0.006333507695211349
2022-08-16 00:00:00-04:00,172.2308818122952,173.15793406252746,171.114446183047,172.48008728027344,56377100,0.0,0.0,-0.0009238907742439295
2022-08-17 00:00:00-04:00,172.2209279685229,175.59017572668876,172.02156662589755,173.99526977539062,79542000,0.0,0.0,0.008784680707258019
2022-08-18 00:00:00-04:00,173.19780442533812,174.34414352158925,172.5698017635806,173.59652709960938,62290100,0.0,0.0,-0.0022916868734189633
2022-08-19 00:00:00-04:00,172.48009490945282,173.18784516234604,170.7655599971013,170.9748992919922,70346300,0.0,0.0,-0.015101844785828544
2022-08-22 00:00:00-04:00,169.1507179794907,169.3201758846035,166.6088189822079,167.03746032714844,69026800,0.0,0.0,-0.023029339284004302
2022-08-23 00:00:00-04:00,166.54901489461727,168.17383955663962,166.12037354248244,166.6985321044922,54147100,0.0,0.0,-0.002029055171172023
2022-08-24 00:00:00-04:00,166.7882497685939,167.57573238726073,165.72164302084133,166.99757385253906,53841500,0.0,0.0,0.0017939075063926335
2022-08-25 00:00:00-04:00,168.2435966662045,169.5992750392858,167.8149705562579,169.4896240234375,51218200,0.0,0.0,0.014922672907206058
2022-08-26 00:00:00-04:00,170.02791506649217,170.50638530914838,163.04018396568136,163.09999084472656,78961000,0.0,0.0,-0.03769925867454493
2022-08-29 00:00:00-04:00,160.63784647162018,162.38228483322453,159.31208670186084,160.86712646484375,73314000,0.0,0.0,-0.013690156377804685
2022-08-30 00:00:00-04:00,161.61475149324065,162.04337764106893,157.2187629379375,158.4049835205078,77906200,0.0,0.0,-0.015305444924908373
2022-08-31 00:00:00-04:00,159.80051286736014,160.06965903336808,156.64058933856774,156.7203369140625,87991100,0.0,0.0,-0.010635060646480343
2022-09-01 00:00:00-04:00,156.14218035699346,157.91652210568583,154.17844001541343,157.45799255371094,74229900,0.0,0.0,0.004706827806610248
2022-09-02 00:00:00-04:00,159.24230009428894,159.85036206769303,154.47749258215669,155.3148193359375,76957800,0.0,0.0,-0.013611079266378723
2022-09-06 00:00:00-04:00,155.97271621882112,156.59074089905192,153.20155269029058,154.03887939453125,73714800,0.0,0.0,-0.00821518478958827
2022-09-07 00:00:00-04:00,154.32797907277038,156.17209052389492,153.12181784049147,155.46435546875,87449600,0.0,0.0,0.009254001845649285
2022-09-08 00:00:00-04:00,154.14853685064924,155.86307172260464,152.19475924878316,153.9691162109375,84923800,0.0,0.0,-0.009617891209236396
2022-09-09 00:00:00-04:00,154.97590225915687,157.31843981204372,154.25818927317857,156.86985778808594,68028800,0.0,0.0,0.018839762470120425
2022-09-12 00:00:00-04:00,159.0828062403022,163.73796277204346,158.79373457661734,162.9105987548828,104956000,0.0,0.0,0.03850797758073621
2022-09-13 00:00:00-04:00,159.39181237199492,160.02977776615919,152.88256671878463,153.35107421875,122656600,0.0,0.0,-0.05867957400682189
2022-09-14 00:00:00-04:00,154.2980546051442,156.60072596178833,153.1218120686851,154.81640625,87965400,0.0,0.0,0.009555407672982907
2022-09-15 00:00:00-04:00,154.1584948151664,154.74663127334506,150.8988982790863,151.8857421875,90481100,0.0,0.0,-0.01892993212726768
2022-09-16 00:00:00-04:00,150.72944296987112,150.8689974244765,147.89845727455574,150.22105407714844,162278800,0.0,0.0,-0.010960134153319867
2022-09-19 00:00:00-04:00,148.8354619988437,154.06877650068935,148.62613793653435,153.98902893066406,81474200,0.0,0.0,0.025082867888681637
2022-09-20 00:00:00-04:00,152.91247523626416,157.57760969437513,152.59350013373685,156.40135192871094,107689800,0.0,0.0,0.01566555107723322
2022-09-21 00:00:00-04:00,156.83995090867316,158.2355106664936,153.11184681301395,153.23146057128906,101696800,0.0,0.0,-0.020267672359166933
2022-09-22 00:00:00-04:00,151.89572115572633,153.9790752099598,150.43039179253188,152.25457763671875,86652500,0.0,0.0,-0.006375211271420489
2022-09-23 00:00:00-04:00,150.70949864101166,150.98860754349533,148.0878522959387,149.951904296875,96029900,0.0,0.0,-0.015123836508469046
2022-09-26 00:00:00-04:00,149.184359672814,153.28129802846505,149.1644189772054,150.29083251953125,93339400,0.0,0.0,0.002260246205244787
2022-09-27 00:00:00-04:00,152.25459117131524,154.22829438707754,149.4734493938222,151.27769470214844,84442700,0.0,0.0,0.0065663498303460965
2022-09-28 00:00:00-04:00,147.17077972632435,150.1612453251066,144.37967545873536,149.36378479003906,146691400,0.0,0.0,-0.012651633248891625
2022-09-29 00:00:00-04:00,145.63568141888646,146.2537061115344,140.23289349368721,142.0271759033203,128138200,0.0,0.0,-0.049119061203703684
2022-09-30 00:00:00-04:00,140.83098574088635,142.64520875716596,137.561411382814,137.76077270507812,124925300,0.0,0.0,-0.030039344027697812
2022-10-03 00:00:00-04:00,137.77075379156528,142.61530856321642,137.25240217365317,141.9972686767578,114311700,0.0,0.0,0.030752556685706756
2022-10-04 00:00:00-04:00,144.56907445151867,145.7552949093355,143.80151735346757,145.63568115234375,87830100,0.0,0.0,0.02562311591970423
2022-10-05 00:00:00-04:00,143.61212619755543,146.91160397177816,142.55548229693827,145.93470764160156,79471000,0.0,0.0,0.002053250184925526
2022-10-06 00:00:00-04:00,145.34660115048433,147.07109880642605,144.75847987046598,144.96780395507812,68402200,0.0,0.0,-0.0066255910067537505
2022-10-07 00:00:00-04:00,142.08698598730314,142.6452190242337,139.00680998728507,139.644775390625,85925600,0.0,0.0,-0.036718694904853466
2022-10-10 00:00:00-04:00,139.97372436523438,141.43905372263615,138.12961304238414,139.97372436523438,74899000,0.0,0.0,0.00235561247235494
2022-10-11 00:00:00-04:00,139.455373857875,140.90077774102062,137.78072041326573,138.53829956054688,77033700,0.0,0.0,-0.010254959001748332
2022-10-12 00:00:00-04:00,138.68782736060726,139.91391396398876,137.72090895972195,137.90032958984375,70433700,0.0,0.0,-0.0046050079488979545
2022-10-13 00:00:00-04:00,134.56100748264458,143.13366757092444,133.94296749860055,142.53558349609375,113224000,0.0,0.0,0.03361307344251174
2022-10-14 00:00:00-04:00,143.85136248803218,144.06070177451622,137.75081747437108,137.94021606445312,88598000,0.0,0.0,-0.03224014185739499
2022-10-17 00:00:00-04:00,140.6216750026474,142.44584572401777,139.82421442772264,141.95741271972656,85250900,0.0,0.0,0.02912273715300251
2022-10-18 00:00:00-04:00,145.02762748233005,146.23377349496536,140.16313161639417,143.29315185546875,99136600,0.0,0.0,0.009409435619817996
2022-10-19 00:00:00-04:00,141.23969978013898,144.4893337521676,141.05030118235993,143.40280151367188,61758300,0.0,0.0,0.0007652121317962557
2022-10-20 00:00:00-04:00,142.56547640821393,145.42635047441524,142.19664195183546,142.93429565429688,64522000,0.0,0.0,-0.0032670621105705955
2022-10-21 00:00:00-04:00,142.41594577119247,147.3801299862693,142.19664372745996,146.80197143554688,86548600,0.0,0.0,0.027059116662976557
2022-10-24 00:00:00-04:00,146.7222094733143,149.7525411828542,145.53598904675192,148.9750213623047,75981900,0.0,0.0,0.014802593626693117
2022-10-25 00:00:00-04:00,149.61300086165943,152.00538263644177,148.88532510659155,151.85585021972656,74732300,0.0,0.0,0.019337663663868465
2022-10-26 00:00:00-04:00,150.4802347559906,151.5069600554983,147.5695015382254,148.87535095214844,88194300,0.0,0.0,-0.019627161306367324
2022-10-27 00:00:00-04:00,147.5994250833106,148.57630628013624,143.67194438895876,144.33981323242188,109180200,0.0,0.0,-0.030465336878932825
2022-10-28 00:00:00-04:00,147.72901012268744,156.9994573107125,147.35022812424057,155.24505615234375,164762400,0.0,0.0,0.07555256360462237
2022-10-31 00:00:00-04:00,152.67324049804895,153.7498099375138,151.43717590970908,152.8526611328125,97943200,0.0,0.0,-0.015410442553375536
2022-11-01 00:00:00-04:00,154.5871322591724,154.9559514714537,148.65604537292373,150.17120361328125,80379300,0.0,0.0,-0.017542759803189534
2022-11-02 00:00:00-04:00,148.4766164959247,151.68638417741636,144.5391730984064,144.56907653808594,93604600,0.0,0.0,-0.0373049355695505
2022-11-03 00:00:00-04:00,141.60851546422614,142.34616913959746,138.30903743720913,138.43862915039062,97918500,0.0,0.0,-0.04240497023635814
2022-11-04 00:00:00-04:00,141.87337223189732,142.45248981788646,134.17513508781377,138.16903686523438,140814800,0.23,0.0,-0.0019473775983680497
2022-11-07 00:00:00-05:00,136.9009680696026,138.9378512618122,135.46316099956002,138.7082061767578,83374600,0.0,0.0,0.0039022441189144885
2022-11-08 00:00:00-05:00,140.19595465754696,141.21438874188797,137.2804079000758,139.28733825683594,89908500,0.0,0.0,0.004175182536353628
2022-11-09 00:00:00-05:00,138.28885379755712,138.33878061859662,134.3848110193813,134.6643829345703,74917800,0.0,0.0,-0.03319006149533299
2022-11-10 00:00:00-05:00,141.0246811012293,146.64608764648438,139.2873282957614,146.64608764648438,118854000,0.0,0.0,0.08897456365827372
2022-11-11 00:00:00-05:00,145.5976968693643,149.78129619085396,144.14989528403856,149.47177124023438,93979700,0.0,0.0,0.019268728127011414
2022-11-14 00:00:00-05:00,148.7428903236262,150.0508907370346,147.20522958510344,148.05393981933594,73374100,0.0,0.0,-0.009485613297641748
2022-11-15 00:00:00-05:00,151.98793316773146,153.35583964941193,148.33350938945418,149.81124877929688,89868300,0.0,0.0,0.011869383294394575
2022-11-16 00:00:00-05:00,148.90264936136032,149.64151144673716,147.06544294661816,148.5631561279297,64218300,0.0,0.0,-0.008331101045729095
2022-11-17 00:00:00-05:00,146.20676578312631,151.249070299437,145.92719385120074,150.490234375,80389400,0.0,0.0,0.012971441219321367
2022-11-18 00:00:00-05:00,152.07780599909802,152.46721084756112,149.74137690831932,151.05935668945312,74829600,0.0,0.0,0.0037817890098765794
2022-11-21 00:00:00-05:00,149.9310789171737,150.14075023214048,147.49479635405007,147.7843475341797,58724100,0.0,0.0,-0.021680280037245092
2022-11-22 00:00:00-05:00,147.90417207850066,150.1906741367349,146.70598935984444,149.95103454589844,51804100,0.0,0.0,0.014661140018347618
2022-11-23 00:00:00-05:00,149.22216569366014,151.5985423428866,149.11233277536326,150.83970642089844,58301400,0.0,0.0,0.005926413763607474
2022-11-25 00:00:00-05:00,148.08389309478014,148.6530314202629,146.89570485921556,147.8842010498047,35195900,0.0,0.0,-0.019593682865218565
2022-11-28 00:00:00-05:00,144.9187329576504,146.41644620245273,143.16142156853874,144.00013732910156,69246000,0.0,0.0,-0.02626422358257896
2022-11-29 00:00:00-05:00,144.07002697444088,144.58923851402218,140.13604619898288,140.9547882080078,83763800,0.0,0.0,-0.021148237616842258
2022-11-30 00:00:00-05:00,141.1844241065441,148.49327179491166,140.33572910591766,147.8043212890625,111380900,0.0,0.0,0.04859383046247978
2022-12-01 00:00:00-05:00,147.98405441772488,148.9026500113426,146.3864875898084,148.08389282226562,71250400,0.0,0.0,0.0018914976961761365
2022-12-02 00:00:00-05:00,145.73748529631726,147.7743685373902,145.42794510491697,147.58465576171875,65447400,0.0,0.0,-0.0033713123759251395
2022-12-05 00:00:00-05:00,147.54472505394742,150.68991670273059,145.5477741060148,146.40646362304688,68826400,0.0,0.0,-0.007983161478345768
2022-12-06 00:00:00-05:00,146.84580044654479,147.07544554770604,141.70364243300787,142.692138671875,64727200,0.0,0.0,-0.025369951976540905
2022-12-07 00:00:00-05:00,141.97323784331442,143.1514316539594,139.7865739980885,140.7251434326172,69721100,0.0,0.0,-0.013784888625020697
2022-12-08 00:00:00-05:00,142.14297444003518,143.3012096900115,140.8849007802157,142.43252563476562,62128300,0.0,0.0,0.012132744444250498
2022-12-09 00:00:00-05:00,142.12300136097016,145.34808824881955,140.68519417953706,141.9432830810547,76097000,0.0,0.0,-0.0034349075222149805
2022-12-12 00:00:00-05:00,142.48244994808528,144.2797088844082,140.84495074733036,144.2697296142578,70462700,0.0,0.0,0.01638997268982889
2022-12-13 00:00:00-05:00,149.2720849650318,149.74136966169044,144.02010940021566,145.24822998046875,93886200,0.0,0.0,0.006782437097700322
2022-12-14 00:00:00-05:00,145.1284209340085,146.43642140956896,140.94480612495332,142.99168395996094,82291200,0.0,0.0,-0.015535790149120876
2022-12-15 00:00:00-05:00,140.8948731264304,141.5838236332574,135.8226159485364,136.29190063476562,98931900,0.0,0.0,-0.04685435641887625
2022-12-16 00:00:00-05:00,136.48161611453304,137.4401440456549,133.52612198326594,134.304931640625,160156900,0.0,0.0,-0.014578775296892332
2022-12-19 00:00:00-05:00,134.90402599847008,134.99388513733263,131.1198105407187,132.16819763183594,79592600,0.0,0.0,-0.015909572215163093
2022-12-20 00:00:00-05:00,131.18969601172026,133.04686106071304,129.69198275400117,132.0983123779297,77432800,0.0,0.0,-0.0005287599827979994
2022-12-21 00:00:00-05:00,132.77726411897868,136.60142700841098,132.5476190261614,135.24349975585938,85928000,0.0,0.0,0.02380944405202845
2022-12-22 00:00:00-05:00,134.14519029767675,134.35486162199837,130.10136145210436,132.02841186523438,77852100,0.0,0.0,-0.02377258719590114
2022-12-23 00:00:00-05:00,130.7204119064058,132.21812517101014,129.44236447278556,131.6589813232422,63814900,0.0,0.0,-0.0027981139572388347
2022-12-27 00:00:00-05:00,131.17971990929533,131.20967295633088,128.52377134494225,129.83177185058594,69007800,0.0,0.0,-0.013878350373759729
2022-12-28 00:00:00-05:00,129.4723179852512,130.83024529280124,125.67811560525497,125.84785461425781,85438400,0.0,0.0,-0.030685225808309347
2022-12-29 00:00:00-05:00,127.79488144356102,130.28108338985564,127.53528328955181,129.41241455078125,75703700,0.0,0.0,0.02832435997776317
2022-12-30 00:00:00-05:00,128.21424649852997,129.75189211151405,127.23573712704906,129.73191833496094,76960600,0.0,0.0,0.002468880480197777
2023-01-03 00:00:00-05:00,130.0813821153808,130.70043202714172,123.98069642634582,124.87932586669922,112117500,0.0,0.0,-0.037404769239074875
2023-01-04 00:00:00-05:00,126.6965568291842,128.46386274747897,124.88931859412936,126.16736602783203,89113600,0.0,0.0,0.010314278622129303
2023-01-05 00:00:00-05:00,126.93618294652792,127.5752066338182,124.56980097313728,124.82939910888672,80962700,0.0,0.0,-0.010604698830362858
2023-01-06 00:00:00-05:00,125.81790413062512,130.09137057812316,124.6996087905207,129.42239379882812,87686600,0.0,0.0,0.03679417447115174
2023-01-09 00:00:00-05:00,130.2711033442867,133.20662383400455,129.6919857098399,129.9515838623047,70790800,0.0,0.0,0.0040888601110185
2023-01-10 00:00:00-05:00,130.06141596956084,131.05989149124323,127.92467896258157,130.53070068359375,63896200,0.0,0.0,0.004456404486017584
2023-01-11 00:00:00-05:00,131.04990843469568,133.30645756371482,130.26111949898726,133.2864990234375,69458900,0.0,0.0,0.02111226190782345
2023-01-12 00:00:00-05:00,133.67590396354706,134.05531429097095,131.23962132138743,133.2066192626953,71379600,0.0,0.0,-0.0005993087171427547
2023-01-13 00:00:00-05:00,131.82871637703568,134.7143099041903,131.45928532488415,134.55455017089844,57758000,0.0,0.0,0.010119098552789474
2023-01-17 00:00:00-05:00,134.6244491893705,137.08069030895024,133.9255194088204,135.73275756835938,63646600,0.0,0.0,0.008756354920472775
2023-01-18 00:00:00-05:00,136.61142185723642,138.3986862545701,134.82414222437606,135.00387573242188,69672800,0.0,0.0,-0.005369977365783707
2023-01-19 00:00:00-05:00,133.87559348561894,136.0422834376098,133.56606852612407,135.06378173828125,58280400,0.0,0.0,0.0004437354522925929
2023-01-20 00:00:00-05:00,135.07375754109984,137.80958575653864,134.01537600269344,137.65980529785156,79972200,0.0,0.0,0.01922072317359458
2023-01-23 00:00:00-05:00,137.90943489209988,143.10151982010217,137.68976905735235,140.89488220214844,81760300,0.0,0.0,0.023500519249589402
2023-01-24 00:00:00-05:00,140.09609676574968,142.94175807149068,140.08611749541132,142.31271362304688,66435100,0.0,0.0,0.010063044155601109
2023-01-25 00:00:00-05:00,140.67521532029858,142.21286091655844,138.5983844116618,141.64373779296875,65799300,0.0,0.0,-0.004700745372968496
2023-01-26 00:00:00-05:00,142.95173537461514,144.03009074188174,141.68366722483955,143.74053955078125,54105100,0.0,0.0,0.01480334951960427
2023-01-27 00:00:00-05:00,142.94175342031997,147.0055407027821,142.86187355363052,145.70751953125,70492800,0.0,0.0,0.013684239579286217
2023-01-30 00:00:00-05:00,144.73901638047855,145.32811327382328,142.63223244863647,142.78199768066406,64015300,0.0,0.0,-0.020078043055001715
2023-01-31 00:00:00-05:00,142.4824502012381,144.1199494049024,142.06309232127214,144.0700225830078,65874500,0.0,0.0,0.009020919466503408
2023-02-01 00:00:00-05:00,143.75051679449606,146.38649146547874,141.10456285345305,145.20828247070312,77663600,0.0,0.0,0.007900740676565654
2023-02-02 00:00:00-05:00,148.6730014512102,150.9495244580467,147.9441185747257,150.590087890625,118339000,0.0,0.0,0.03706266149802917
2023-02-03 00:00:00-05:00,147.80432760381535,157.14007965824945,147.60463555016733,154.26446533203125,154279900,0.0,0.0,0.024399862520001925
2023-02-06 00:00:00-05:00,152.33741876747337,152.86660957898343,150.55013903872793,151.49868774414062,69858300,0.0,0.0,-0.017928805457158914
2023-02-07 00:00:00-05:00,150.4103490669821,154.99334796631518,150.4103490669821,154.4142303466797,83322600,0.0,0.0,0.019244672319954192
2023-02-08 00:00:00-05:00,153.645419005558,154.3443488275137,150.93954362313198,151.6884002685547,64120100,0.0,0.0,-0.017652712913862723
2023-02-09 00:00:00-05:00,153.54556685880317,154.09473145125077,150.19068844511045,150.63999938964844,56007100,0.0,0.0,-0.0069115428539698875
2023-02-10 00:00:00-05:00,149.4600067138672,151.33999633789062,149.22000122070312,151.00999450683594,57409100,0.23,0.0,0.0024561545319079503
